{
  "status": "success",
  "experiment_config": {
    "strategy_name": "random_sampling",
    "num_epochs": 1,
    "batch_size": 64,
    "learning_rate": 0.001,
    "fetch_factor": 256,
    "num_workers": 8,
    "min_count_baseline": 1000,
    "block_size": null,
    "device": "cuda",
    "train_plates": [
      1
    ],
    "test_plates": [
      14
    ],
    "max_train_cells": 100000,
    "max_test_cells": 50000
  },
  "data_info": {
    "task_dims": {
      "cell_line": 50,
      "drug": 380,
      "moa_broad": 4,
      "moa_fine": 27
    },
    "feature_dim": 62710
  },
  "final_metrics": {
    "total_loss": 33.4558152445137,
    "time": 9.903907299041748,
    "cell_line_loss": 0.343810170718595,
    "cell_line_accuracy": 0.9599,
    "cell_line_f1_macro": 0.9109948766986911,
    "cell_line_f1_weighted": 0.9592764027086655,
    "drug_loss": 26.170224187319235,
    "drug_accuracy": 0.0,
    "drug_f1_macro": 0.0,
    "drug_f1_weighted": 0.0,
    "moa_broad_loss": 2.1292912691850643,
    "moa_broad_accuracy": 0.55646,
    "moa_broad_f1_macro": 0.18585489167277225,
    "moa_broad_f1_weighted": 0.4156008686851985,
    "moa_fine_loss": 4.8124896496763006,
    "moa_fine_accuracy": 0.22438,
    "moa_fine_f1_macro": 0.030954774952759122,
    "moa_fine_f1_weighted": 0.2932625963653671
  },
  "experiment_time_seconds": 85.76495337486267
}
