{
  "status": "success",
  "experiment_config": {
    "strategy_name": "true_weighted",
    "num_epochs": 1,
    "batch_size": 64,
    "learning_rate": 0.001,
    "fetch_factor": 256,
    "num_workers": 8,
    "min_count_baseline": 1000,
    "block_size": null,
    "device": "cuda",
    "train_plates": [
      1
    ],
    "test_plates": [
      14
    ],
    "max_train_cells": 100000,
    "max_test_cells": 50000
  },
  "data_info": {
    "task_dims": {
      "cell_line": 50,
      "drug": 380,
      "moa_broad": 4,
      "moa_fine": 27
    },
    "feature_dim": 62710
  },
  "final_metrics": {
    "total_loss": 33.39723388252356,
    "time": 9.870850086212158,
    "cell_line_loss": 0.3519072122723007,
    "cell_line_accuracy": 0.95928,
    "cell_line_f1_macro": 0.9120645652009911,
    "cell_line_f1_weighted": 0.9586026094830205,
    "drug_loss": 25.677787362462116,
    "drug_accuracy": 0.0,
    "drug_f1_macro": 0.0,
    "drug_f1_weighted": 0.0,
    "moa_broad_loss": 2.5293607078016263,
    "moa_broad_accuracy": 0.55562,
    "moa_broad_f1_macro": 0.1829918720777444,
    "moa_broad_f1_weighted": 0.4114134298473002,
    "moa_fine_loss": 4.8381785869293505,
    "moa_fine_accuracy": 0.21814,
    "moa_fine_f1_macro": 0.027278735991858566,
    "moa_fine_f1_weighted": 0.2948845675334386
  },
  "experiment_time_seconds": 86.06044054031372
}
