{
  "status": "success",
  "experiment_config": {
    "strategy_name": "streaming_buffer",
    "num_epochs": 1,
    "batch_size": 64,
    "learning_rate": 0.001,
    "fetch_factor": 16,
    "num_workers": 12,
    "min_count_baseline": 1000,
    "device": "cuda"
  },
  "data_info": {
    "task_dims": {
      "cell_line": 50,
      "drug": 380,
      "moa_broad": 4,
      "moa_fine": 27
    },
    "feature_dim": 62710
  },
  "final_metrics": {
    "total_loss": 76.47544611278157,
    "time": 3089.9474058151245,
    "cell_line_loss": 0.6104727355446272,
    "cell_line_accuracy": 0.965113089728395,
    "cell_line_f1_macro": 0.9208372034789829,
    "cell_line_f1_weighted": 0.9651785427168093,
    "drug_loss": 67.90863891257662,
    "drug_accuracy": 0.06720509860241278,
    "drug_f1_macro": 0.012268301016758592,
    "drug_f1_weighted": 0.049304470111646445,
    "moa_broad_loss": 2.480215968382729,
    "moa_broad_accuracy": 0.42183353822770614,
    "moa_broad_f1_macro": 0.2840024493930683,
    "moa_broad_f1_weighted": 0.4036897111060231,
    "moa_fine_loss": 5.476118499628195,
    "moa_fine_accuracy": 0.609900340645204,
    "moa_fine_f1_macro": 0.07104764824068593,
    "moa_fine_f1_weighted": 0.5207727046104913
  },
  "experiment_time_seconds": 27505.781188488007
}
