Method,Cell line,Drug,MOA (broad),MOA (fine)
"Block size = 4
Fetch factor = 16",0.920726062127489,0.02750165408279723,0.2927716923682644,0.08632672213341185
Random Sampling,0.919829108944947,0.0310840148811838,0.2727839908920605,0.08872956881957873
Streaming,0.916096418376828,0.001306551063368088,0.18537126230751289,0.0417306259239548
Streaming (buffer),0.9168992344098278,2.7940944604706337e-05,0.19940309598971834,0.03895052491861534
