{
  "status": "success",
  "experiment_config": {
    "strategy_name": "block_weighted",
    "num_epochs": 1,
    "batch_size": 64,
    "learning_rate": 0.001,
    "fetch_factor": 256,
    "num_workers": 8,
    "min_count_baseline": 1000,
    "block_size": null,
    "device": "cuda",
    "train_plates": [
      1
    ],
    "test_plates": [
      14
    ],
    "max_train_cells": 100000,
    "max_test_cells": 50000
  },
  "data_info": {
    "task_dims": {
      "cell_line": 50,
      "drug": 380,
      "moa_broad": 4,
      "moa_fine": 27
    },
    "feature_dim": 62710
  },
  "final_metrics": {
    "total_loss": 32.07645816266384,
    "time": 9.65675163269043,
    "cell_line_loss": 0.34557817393647094,
    "cell_line_accuracy": 0.95974,
    "cell_line_f1_macro": 0.9129831588433938,
    "cell_line_f1_weighted": 0.9590159394426034,
    "drug_loss": 25.20945736819216,
    "drug_accuracy": 0.0,
    "drug_f1_macro": 0.0,
    "drug_f1_weighted": 0.0,
    "moa_broad_loss": 1.9902572045221811,
    "moa_broad_accuracy": 0.55508,
    "moa_broad_f1_macro": 0.19257885628932028,
    "moa_broad_f1_weighted": 0.4192989020015976,
    "moa_fine_loss": 4.531165402563636,
    "moa_fine_accuracy": 0.32104,
    "moa_fine_f1_macro": 0.03405860480536437,
    "moa_fine_f1_weighted": 0.38088278809565024
  },
  "experiment_time_seconds": 86.36236214637756
}
