{
  "status": "success",
  "experiment_config": {
    "strategy_name": "block_shuffling",
    "num_epochs": 1,
    "batch_size": 64,
    "learning_rate": 0.001,
    "fetch_factor": 256,
    "num_workers": 8,
    "min_count_baseline": 1000,
    "block_size": null,
    "device": "cuda",
    "train_plates": [
      1
    ],
    "test_plates": [
      14
    ],
    "max_train_cells": 100000,
    "max_test_cells": 50000
  },
  "data_info": {
    "task_dims": {
      "cell_line": 50,
      "drug": 380,
      "moa_broad": 4,
      "moa_fine": 27
    },
    "feature_dim": 62710
  },
  "final_metrics": {
    "total_loss": 33.757821734299135,
    "time": 9.740701675415039,
    "cell_line_loss": 0.3423669246404105,
    "cell_line_accuracy": 0.95948,
    "cell_line_f1_macro": 0.9128688560799386,
    "cell_line_f1_weighted": 0.9590692903320888,
    "drug_loss": 26.581709952000768,
    "drug_accuracy": 0.0,
    "drug_f1_macro": 0.0,
    "drug_f1_weighted": 0.0,
    "moa_broad_loss": 1.9567751495258126,
    "moa_broad_accuracy": 0.53002,
    "moa_broad_f1_macro": 0.20372854184941563,
    "moa_broad_f1_weighted": 0.4132649164556615,
    "moa_fine_loss": 4.876969687926495,
    "moa_fine_accuracy": 0.17996,
    "moa_fine_f1_macro": 0.026537775994563643,
    "moa_fine_f1_weighted": 0.25329335297603817
  },
  "experiment_time_seconds": 85.86187744140625
}
