{
  "status": "success",
  "experiment_config": {
    "strategy_name": "streaming_buffer",
    "num_epochs": 1,
    "batch_size": 64,
    "learning_rate": 0.001,
    "fetch_factor": 256,
    "num_workers": 8,
    "min_count_baseline": 1000,
    "block_size": null,
    "device": "cuda",
    "train_plates": null,
    "test_plates": null,
    "max_train_cells": null,
    "max_test_cells": null
  },
  "data_info": {
    "task_dims": {
      "cell_line": 50,
      "drug": 380,
      "moa_broad": 4,
      "moa_fine": 27
    },
    "feature_dim": 62710
  },
  "final_metrics": {
    "total_loss": 3154.8856087023078,
    "time": 1655.1233866214752,
    "cell_line_loss": 0.7014578449485068,
    "cell_line_accuracy": 0.9627477792712347,
    "cell_line_f1_macro": 0.9168992344098278,
    "cell_line_f1_weighted": 0.9625611461130158,
    "drug_loss": 2989.021741507344,
    "drug_accuracy": 2.929984417391774e-05,
    "drug_f1_macro": 2.7940944604706337e-05,
    "drug_f1_weighted": 3.8214487657038825e-05,
    "moa_broad_loss": 23.32666670234517,
    "moa_broad_accuracy": 0.5344790134880528,
    "moa_broad_f1_macro": 0.19940309598971834,
    "moa_broad_f1_weighted": 0.4160605622195718,
    "moa_fine_loss": 141.83574349237824,
    "moa_fine_accuracy": 0.544318085244445,
    "moa_fine_f1_macro": 0.03895052491861534,
    "moa_fine_f1_weighted": 0.47938433452391394
  },
  "experiment_time_seconds": 33002.91115355492
}
