Method,Cell line,Drug,MOA (broad),MOA (fine)
Streaming,0.914202358973752,0.0013012132102480165,0.18537640170908615,0.0417217554804945
