{
  "status": "success",
  "experiment_config": {
    "strategy_name": "streaming",
    "num_epochs": 1,
    "batch_size": 64,
    "learning_rate": 0.001,
    "fetch_factor": 256,
    "num_workers": 8,
    "min_count_baseline": 1000,
    "block_size": null,
    "device": "cuda",
    "train_plates": null,
    "test_plates": null,
    "max_train_cells": null,
    "max_test_cells": null
  },
  "data_info": {
    "task_dims": {
      "cell_line": 50,
      "drug": 380,
      "moa_broad": 4,
      "moa_fine": 27
    },
    "feature_dim": 62710
  },
  "final_metrics": {
    "total_loss": 2570.9667462335897,
    "time": 1626.8359415531158,
    "cell_line_loss": 0.693959565863176,
    "cell_line_accuracy": 0.9639766853009585,
    "cell_line_f1_macro": 0.916096418376828,
    "cell_line_f1_weighted": 0.9638611789900686,
    "drug_loss": 2131.5861520937897,
    "drug_accuracy": 0.002371753354832158,
    "drug_f1_macro": 0.001306551063368088,
    "drug_f1_weighted": 0.001995961497740352,
    "moa_broad_loss": 55.26737568158138,
    "moa_broad_accuracy": 0.5437549453074689,
    "moa_broad_f1_macro": 0.18537126230751289,
    "moa_broad_f1_weighted": 0.39815942926145764,
    "moa_fine_loss": 383.41926057883467,
    "moa_fine_accuracy": 0.5486866766705436,
    "moa_fine_f1_macro": 0.0417306259239548,
    "moa_fine_f1_weighted": 0.48196540508475527
  },
  "experiment_time_seconds": 32787.1112639904
}
