{
  "status": "success",
  "experiment_config": {
    "strategy_name": "block_shuffling",
    "num_epochs": 1,
    "batch_size": 64,
    "learning_rate": 0.001,
    "fetch_factor": 256,
    "num_workers": 8,
    "min_count_baseline": 1000,
    "block_size": 16,
    "device": "cuda",
    "train_plates": null,
    "test_plates": null,
    "max_train_cells": null,
    "max_test_cells": null
  },
  "data_info": {
    "task_dims": {
      "cell_line": 50,
      "drug": 380,
      "moa_broad": 4,
      "moa_fine": 27
    },
    "feature_dim": 62710
  },
  "final_metrics": {
    "total_loss": 31.240085721450132,
    "time": 1080.644568681717,
    "cell_line_loss": 0.6173764859074234,
    "cell_line_accuracy": 0.9657112053955893,
    "cell_line_f1_macro": 0.920726062127489,
    "cell_line_f1_weighted": 0.9658319364126806,
    "drug_loss": 25.469333480983195,
    "drug_accuracy": 0.07678752826821353,
    "drug_f1_macro": 0.02750165408279723,
    "drug_f1_weighted": 0.1027263778721285,
    "moa_broad_loss": 1.732783184487011,
    "moa_broad_accuracy": 0.5211546408958941,
    "moa_broad_f1_macro": 0.2927716923682644,
    "moa_broad_f1_weighted": 0.43915412815530247,
    "moa_fine_loss": 3.420592575651189,
    "moa_fine_accuracy": 0.343004685213826,
    "moa_fine_f1_macro": 0.08632672213341185,
    "moa_fine_f1_weighted": 0.394993573115499
  },
  "experiment_time_seconds": 29078.587042808533
}
