{
  "status": "success",
  "experiment_config": {
    "strategy_name": "streaming",
    "num_epochs": 1,
    "batch_size": 64,
    "learning_rate": 0.001,
    "fetch_factor": 256,
    "num_workers": 8,
    "min_count_baseline": 1000,
    "block_size": null,
    "device": "cuda",
    "train_plates": [
      1
    ],
    "test_plates": [
      14
    ],
    "max_train_cells": 100000,
    "max_test_cells": 50000
  },
  "data_info": {
    "task_dims": {
      "cell_line": 50,
      "drug": 380,
      "moa_broad": 4,
      "moa_fine": 27
    },
    "feature_dim": 62710
  },
  "final_metrics": {
    "total_loss": 131.2154041885415,
    "time": 11.893710851669312,
    "cell_line_loss": 0.3575976311444731,
    "cell_line_accuracy": 0.95844,
    "cell_line_f1_macro": 0.9122049227257665,
    "cell_line_f1_weighted": 0.9578319770717334,
    "drug_loss": 102.91570585889889,
    "drug_accuracy": 0.0,
    "drug_f1_macro": 0.0,
    "drug_f1_weighted": 0.0,
    "moa_broad_loss": 7.1603480974198,
    "moa_broad_accuracy": 0.56578,
    "moa_broad_f1_macro": 0.24901794605931216,
    "moa_broad_f1_weighted": 0.4180927722353131,
    "moa_fine_loss": 20.781752638804637,
    "moa_fine_accuracy": 0.00026,
    "moa_fine_f1_macro": 0.0003038540375876423,
    "moa_fine_f1_weighted": 0.000518757838030314
  },
  "experiment_time_seconds": 95.10276222229004
}
