{
  "status": "success",
  "experiment_config": {
    "strategy_name": "random_sampling",
    "num_epochs": 1,
    "batch_size": 64,
    "learning_rate": 0.001,
    "fetch_factor": 256,
    "num_workers": 8,
    "min_count_baseline": 1000,
    "block_size": 1,
    "device": "cuda",
    "train_plates": null,
    "test_plates": null,
    "max_train_cells": null,
    "max_test_cells": null
  },
  "data_info": {
    "task_dims": {
      "cell_line": 50,
      "drug": 380,
      "moa_broad": 4,
      "moa_fine": 27
    },
    "feature_dim": 62710
  },
  "final_metrics": {
    "total_loss": 29.164824646759392,
    "time": 1083.9550898075104,
    "cell_line_loss": 0.6349016870725025,
    "cell_line_accuracy": 0.9633219641756481,
    "cell_line_f1_macro": 0.919829108944947,
    "cell_line_f1_weighted": 0.9631708810765642,
    "drug_loss": 23.389684275444417,
    "drug_accuracy": 0.08356131475610717,
    "drug_f1_macro": 0.0310840148811838,
    "drug_f1_weighted": 0.12003842147272882,
    "moa_broad_loss": 1.8746130108580203,
    "moa_broad_accuracy": 0.5384808199538381,
    "moa_broad_f1_macro": 0.2727839908920605,
    "moa_broad_f1_weighted": 0.42682543010362306,
    "moa_fine_loss": 3.265625679580552,
    "moa_fine_accuracy": 0.37900483616171426,
    "moa_fine_f1_macro": 0.08872956881957873,
    "moa_fine_f1_weighted": 0.4205572021947249
  },
  "experiment_time_seconds": 68840.62333011627
}
