{
  "status": "success",
  "experiment_config": {
    "strategy_name": "streaming_buffer",
    "num_epochs": 1,
    "batch_size": 64,
    "learning_rate": 0.001,
    "fetch_factor": 256,
    "num_workers": 8,
    "min_count_baseline": 1000,
    "block_size": null,
    "device": "cuda",
    "train_plates": [
      1
    ],
    "test_plates": [
      14
    ],
    "max_train_cells": 100000,
    "max_test_cells": 50000
  },
  "data_info": {
    "task_dims": {
      "cell_line": 50,
      "drug": 380,
      "moa_broad": 4,
      "moa_fine": 27
    },
    "feature_dim": 62710
  },
  "final_metrics": {
    "total_loss": 94.90229369063512,
    "time": 11.466656923294067,
    "cell_line_loss": 0.358143643002071,
    "cell_line_accuracy": 0.95768,
    "cell_line_f1_macro": 0.9119788668180235,
    "cell_line_f1_weighted": 0.9570797122182052,
    "drug_loss": 84.7187263166813,
    "drug_accuracy": 0.0,
    "drug_f1_macro": 0.0,
    "drug_f1_weighted": 0.0,
    "moa_broad_loss": 2.268344494406982,
    "moa_broad_accuracy": 0.49014,
    "moa_broad_f1_macro": 0.2296733069785122,
    "moa_broad_f1_weighted": 0.4529377426858756,
    "moa_fine_loss": 7.557079279933439,
    "moa_fine_accuracy": 0.3382,
    "moa_fine_f1_macro": 0.03442424883988653,
    "moa_fine_f1_weighted": 0.3985412330639719
  },
  "experiment_time_seconds": 92.26926565170288
}
